<?xml version="1.0" encoding="UTF-8"?>
<metadata xml:lang="en"><Esri><CreaDate>20200817</CreaDate><CreaTime>14053400</CreaTime><ArcGISFormat>1.0</ArcGISFormat><SyncOnce>TRUE</SyncOnce><DataProperties><lineage><Process ToolSource="c:\program files (x86)\arcgis\desktop10.8\ArcToolbox\Toolboxes\Data Management Tools.tbx\CalculateField" Date="20200814" Time="162040">CalculateField stp_admbndl_ALL AdmLevel 99 VB #</Process><Process ToolSource="c:\program files (x86)\arcgis\desktop10.8\ArcToolbox\Toolboxes\Data Management Tools.tbx\CalculateField" Date="20200814" Time="162123">CalculateField stp_admbndl_ALL AdmLevel 2 VB #</Process></lineage></DataProperties></Esri></metadata>
